"Handle","Title","Body (HTML)","Vendor","Product Category","Type","Tags","Published","Option1 Name","Option1 Value","Variant SKU","Variant Grams","Variant Inventory Tracker","Variant Inventory Qty","Variant Inventory Policy","Variant Fulfillment Service","Variant Price","Variant Requires Shipping","Variant Taxable","Status"
"stormweave-2p-tent","StormWeave 2-Person Rain Tent","Compact two-person shelter for wet-weather weekend camping.
[Woven] category=tent;capacity=2;waterproofMm=3000;packedLiters=42;locationName=Woven Trail Counter · Singapore;address=Singapore;pickupMinutes=120;transitMinutes=30;closesAt=21:00;area=Central","Woven Trail Shop","Sporting Goods > Outdoor Recreation > Camping & Hiking","Camping Gear","woven:category=tent, woven:category=tent;capacity=2;waterproofMm=3000;packedLiters=42, woven:locationName=Woven Trail Counter · Singapore;address=Singapore;pickupMinutes=120;transitMinutes=30;closesAt=21:00;area=Central","TRUE","Title","Default Title","WV-TENT-2P","0","shopify","20","deny","manual","189.00","TRUE","TRUE","active"
"drynest-synthetic-sleeping-bag","DryNest Synthetic Sleeping Bag","Damp-ready synthetic sleeping bag for warm Singapore nights.
[Woven] category=sleeping_bag;dampReady=true;packedLiters=12;locationName=Woven Trail Counter · Singapore;address=Singapore;pickupMinutes=120;transitMinutes=30;closesAt=21:00;area=Central","Woven Trail Shop","Sporting Goods > Outdoor Recreation > Camping & Hiking","Camping Gear","woven:category=sleeping_bag, woven:category=sleeping_bag;dampReady=true;packedLiters=12, woven:locationName=Woven Trail Counter · Singapore;address=Singapore;pickupMinutes=120;transitMinutes=30;closesAt=21:00;area=Central","TRUE","Title","Default Title","WV-BAG-SYN","0","shopify","20","deny","manual","79.00","TRUE","TRUE","active"
"trailrest-r2-sleeping-mat","TrailRest R2 Sleeping Mat","Compact insulated mat that keeps a camper off wet ground.
[Woven] category=sleeping_mat;rValue=2;packedLiters=8;locationName=Woven Trail Counter · Singapore;address=Singapore;pickupMinutes=120;transitMinutes=30;closesAt=21:00;area=Central","Woven Trail Shop","Sporting Goods > Outdoor Recreation > Camping & Hiking","Camping Gear","woven:category=sleeping_mat, woven:category=sleeping_mat;rValue=2;packedLiters=8, woven:locationName=Woven Trail Counter · Singapore;address=Singapore;pickupMinutes=120;transitMinutes=30;closesAt=21:00;area=Central","TRUE","Title","Default Title","WV-MAT-R2","0","shopify","20","deny","manual","55.00","TRUE","TRUE","active"
"rainbeam-ipx4-lantern","RainBeam 250 IPX4 Lantern","Shared campsite lantern with rain-ready enclosure.
[Woven] category=lantern;lumens=250;ipRating=IPX4;packedLiters=3;locationName=Woven Trail Counter · Singapore;address=Singapore;pickupMinutes=120;transitMinutes=30;closesAt=21:00;area=Central","Woven Trail Shop","Sporting Goods > Outdoor Recreation > Camping & Hiking","Camping Gear","woven:category=lantern, woven:category=lantern;lumens=250;ipRating=IPX4;packedLiters=3, woven:locationName=Woven Trail Counter · Singapore;address=Singapore;pickupMinutes=120;transitMinutes=30;closesAt=21:00;area=Central","TRUE","Title","Default Title","WV-LANTERN-250","0","shopify","20","deny","manual","49.00","TRUE","TRUE","active"
"trailguard-first-aid-kit","TrailGuard Water-Resistant First-Aid Kit","Water-resistant first-aid essentials covering up to four people.
[Woven] category=first_aid;peopleCovered=4;waterResistant=true;packedLiters=4;locationName=Woven Trail Counter · Singapore;address=Singapore;pickupMinutes=120;transitMinutes=30;closesAt=21:00;area=Central","Woven Trail Shop","Sporting Goods > Outdoor Recreation > Camping & Hiking","Camping Gear","woven:category=first_aid, woven:category=first_aid;peopleCovered=4;waterResistant=true;packedLiters=4, woven:locationName=Woven Trail Counter · Singapore;address=Singapore;pickupMinutes=120;transitMinutes=30;closesAt=21:00;area=Central","TRUE","Title","Default Title","WV-AID-4","0","shopify","20","deny","manual","39.00","TRUE","TRUE","active"
